Vithu,Maheswaran,vithumaheswaran@gmail.com,5142400499
Shafiq,Imtiaz,shafiqimtiaz@gmail.com,1112224444
Anirudh,Boddu,anirudhboddu@gmail.com,5143300110
Tom,Ford,tomford@gmail.com,5149900799
John,Doe,johndoe@gmail.com,5142100111
Emma,Stone,emmastone@gmail.com,5149900888
Jake,Smith,jakesmith@gmail.com,5143300222
Jane,Doe,janedoe@gmail.com,5145000333
Ryan,Johnson,ryanjohnson@gmail.com,5146600445
Emma,Watson,emmawatson@gmail.com,5147700550
Joseph,Williams,josephwilliams@gmail.com,5148800666
Olivia,Brown,oliviabrown@gmail.com,5149900777
David,Jones,davidjones@gmail.com,5141100888
Michael,Miller,michaelmiller@gmail.com,5142200999
Sophia,Davis,sophiadavis@gmail.com,5143300110